7,131,14,20,9,9,7,14,8,9,6,7,7,8,8,8,11,1,131
,,,P001,P002,P006,P007,P008,P009,P011,P012,P013,P014,P015,P016,P017,P018,,
Sample,Pop,1a,,3a,,4a,,7a,,8a,,11a,,15a,,,,
6160,P001,301,301,199,199,174,174,242,246,193,196,171,183,289,297,,,
6161,P001,301,301,199,199,174,174,246,246,193,196,171,183,289,297,,,
6162,P001,301,301,199,204,174,178,238,246,189,193,171,183,282,297,,,
6164,P001,301,301,199,199,174,174,246,246,189,196,183,183,297,297,,,
6165,P001,301,301,199,199,174,174,242,246,193,193,171,183,282,297,,,
6166,P001,301,301,199,199,178,178,255,255,197,197,171,175,285,285,,,
6167,P001,301,301,199,199,174,174,246,246,189,196,171,183,282,297,,,
6168,P001,301,301,199,199,174,174,246,246,193,196,171,183,289,289,,,
6251,P001,301,301,199,199,174,176,246,246,182,186,171,183,289,297,,,
6253,P001,301,301,196,199,178,182,248,255,197,197,175,175,285,285,,,
6254,P001,301,301,199,199,174,174,246,246,196,196,171,183,289,297,,,
6255,P001,301,301,199,199,174,178,246,246,193,193,171,183,297,297,,,
6256,P001,301,301,199,199,174,176,246,246,189,193,171,171,289,297,,,
6258,P001,301,301,204,204,178,178,246,246,189,197,171,171,289,297,,,
6276,P001,301,301,199,199,174,174,246,246,193,196,171,183,289,297,,,
6277,P001,301,301,204,204,170,178,248,248,197,197,175,175,285,285,,,
6278,P001,301,301,204,204,178,178,249,255,197,197,175,175,285,285,,,
6279,P001,301,301,204,204,178,178,255,258,193,197,175,175,285,285,,,
6280,P001,301,301,204,204,178,178,246,246,189,196,171,171,297,297,,,
6282,P001,301,301,199,199,174,176,246,246,196,196,183,183,289,289,,,
6077,P002,235,235,204,204,178,178,248,255,193,197,175,175,285,285,,,
6078,P002,273,273,204,204,174,178,242,246,193,193,183,183,297,297,,,
6079,P002,301,301,199,204,174,174,242,246,189,189,183,183,297,297,,,
6080,P002,301,301,199,199,174,176,238,242,193,197,183,183,297,297,,,
6081,P002,301,301,199,199,174,174,242,246,189,193,183,183,297,297,,,
6082,P002,301,301,199,199,174,174,238,246,189,189,183,183,297,297,,,
6083,P002,301,301,199,204,174,174,246,246,193,196,183,183,297,297,,,
6084,P002,301,301,199,204,174,174,246,246,189,197,171,183,297,297,,,
6085,P002,301,301,199,199,174,174,246,246,193,196,171,183,287,297,,,
6169,P006,301,301,199,199,174,174,246,246,196,196,171,171,297,297,,,
6170,P006,273,273,204,204,178,178,255,255,197,197,175,175,285,285,,,
6172,P006,301,301,204,204,178,178,255,255,197,197,171,175,285,285,,,
6173,P006,235,301,204,204,178,178,248,248,197,197,175,175,285,285,,,
6174,P006,301,301,196,199,178,178,248,248,197,197,175,175,285,285,,,
6175,P006,273,273,204,204,178,178,248,255,193,197,175,175,285,285,,,
6176,P006,237,237,204,204,178,178,248,255,197,197,175,175,285,285,,,
6177,P006,301,301,199,199,174,178,246,246,189,196,171,183,289,297,,,
6178,P006,301,301,204,204,178,178,249,255,189,197,171,175,282,283,,,
6086,P007,301,301,199,204,174,174,242,246,189,189,171,183,289,297,,,
6087,P007,301,301,204,204,178,178,246,255,193,197,175,175,276,285,,,
6088,P007,273,273,204,204,178,178,248,248,197,197,175,175,276,285,,,
6090,P007,301,301,199,199,178,178,255,255,197,197,175,175,276,285,,,
6091,P007,235,301,199,199,178,178,248,255,197,197,175,175,285,285,,,
6094,P007,265,301,199,204,170,170,248,255,197,197,175,179,285,285,,,
6095,P007,301,301,199,199,174,174,246,246,196,196,171,183,285,297,,,
6191,P008,301,301,204,204,178,178,248,255,193,197,175,175,267,285,,,
6192,P008,235,301,204,204,178,178,255,255,197,197,175,175,285,285,,,
6193,P008,235,279,204,204,178,178,248,249,197,197,175,175,278,281,,,
6195,P008,301,301,204,204,178,178,255,255,197,197,175,175,285,285,,,
6196,P008,301,301,204,204,178,178,249,255,197,197,175,175,285,285,,,
6243,P008,273,273,199,199,178,178,249,255,197,205,175,175,285,285,,,
6248,P008,301,301,204,204,178,178,255,255,193,197,175,175,285,285,,,
6286,P008,273,273,196,202,178,178,255,255,197,197,175,175,285,285,,,
6287,P008,301,301,204,204,178,178,248,255,197,197,175,175,285,285,,,
6288,P008,301,301,202,204,178,178,255,258,197,197,175,175,285,285,,,
6289,P008,273,273,196,204,178,178,248,255,191,197,171,175,285,285,,,
6290,P008,301,301,204,204,178,178,249,255,197,197,175,175,282,285,,,
6293,P008,301,301,204,204,170,178,248,255,185,197,175,175,285,285,,,
6294,P008,273,273,204,204,178,178,248,255,189,197,171,175,285,285,,,
6103,P009,301,301,204,204,178,178,255,255,197,197,171,175,276,285,,,
6104,P009,273,274,204,204,178,178,255,255,197,197,175,175,276,285,,,
6105,P009,273,273,204,204,178,178,255,255,197,201,175,175,283,285,,,
6106,P009,273,273,204,204,178,178,255,255,197,197,175,175,283,285,,,
6107,P009,273,273,204,204,178,178,255,255,197,197,175,175,274,285,,,
6108,P009,273,273,204,204,178,178,255,255,197,197,175,175,285,285,,,
6109,P009,273,274,204,204,170,178,248,255,197,197,175,175,285,285,,,
6112,P009,273,273,196,204,178,178,249,255,197,197,175,175,285,285,,,
6296,P011,305,305,204,204,178,178,248,248,197,197,171,171,283,285,,,
6297,P011,301,305,204,204,178,178,248,248,197,197,171,171,285,285,,,
6298,P011,305,305,204,204,178,178,248,248,197,197,171,171,285,285,,,
6299,P011,301,305,204,204,178,178,248,248,197,197,171,171,274,285,,,
6301,P011,301,305,204,204,178,178,248,248,197,197,171,171,285,285,,,
6302,P011,301,301,204,204,178,178,248,248,197,197,171,171,285,285,,,
6303,P011,301,305,204,204,178,178,248,248,197,197,171,171,285,285,,,
6304,P011,301,305,204,204,178,178,248,248,197,197,171,171,285,285,,,
6305,P011,305,305,204,204,178,178,248,248,197,197,171,171,285,285,,,
6306,P012,301,301,204,204,178,178,248,248,197,197,171,171,274,285,,,
6307,P012,301,305,204,204,178,178,248,248,197,197,183,183,274,285,,,
6309,P012,301,305,204,204,178,178,248,248,201,201,171,171,276,285,,,
6310,P012,301,301,204,204,178,178,248,248,193,197,171,171,285,285,,,
6311,P012,301,305,204,204,178,178,248,248,197,197,171,171,285,285,,,
6314,P012,301,305,204,204,178,178,248,248,197,197,171,171,285,285,,,
6316,P013,301,301,204,204,178,178,248,248,197,197,171,171,285,285,,,
6319,P013,305,305,204,204,178,178,248,248,197,197,171,171,285,285,,,
6321,P013,301,305,204,204,178,178,248,248,197,197,171,171,285,285,,,
6322,P013,301,305,204,204,178,178,248,248,197,197,171,171,285,285,,,
6323,P013,305,305,204,204,178,178,248,248,197,197,171,171,285,285,,,
6324,P013,301,305,204,204,178,178,248,248,197,197,171,190,285,285,,,
6325,P013,305,305,204,204,178,178,248,248,197,199,171,190,285,285,,,
6326,P014,305,305,204,204,178,178,248,248,197,197,171,190,285,285,,,
6327,P014,301,305,204,204,178,178,248,248,197,197,171,171,285,285,,,
6328,P014,301,301,204,204,178,178,248,248,197,197,171,171,285,285,,,
6329,P014,301,301,204,204,178,178,248,248,197,197,171,171,285,285,,,
6330,P014,301,305,204,204,178,178,248,248,197,197,171,171,285,285,,,
6332,P014,301,301,204,204,178,178,248,248,193,193,171,171,285,285,,,
6333,P014,305,305,204,204,178,178,248,248,197,197,171,171,285,285,,,
6334,P015,305,305,204,204,178,178,246,246,197,197,171,171,285,285,,,
6335,P015,305,305,204,204,178,178,248,248,197,197,171,190,285,285,,,
6337,P015,305,305,204,204,178,178,248,248,197,201,171,171,285,285,,,
6338,P015,305,305,204,204,178,178,248,248,197,197,171,171,285,285,,,
6340,P015,305,305,204,204,178,178,248,248,197,197,171,171,285,285,,,
6341,P015,301,301,204,204,178,178,248,248,197,197,171,171,285,285,,,
6342,P015,305,305,204,204,178,178,248,248,197,197,171,171,285,285,,,
6343,P015,305,305,204,204,178,178,246,246,197,197,171,171,285,285,,,
6182,P016,305,305,204,204,178,178,246,246,197,197,171,171,285,285,,,
6183,P016,305,305,204,204,178,178,246,246,197,197,171,171,285,285,,,
6184,P016,305,305,204,204,178,178,246,246,197,197,171,171,282,285,,,
6185,P016,305,305,204,204,178,178,246,246,197,197,171,171,285,285,,,
6187,P016,305,305,204,204,178,178,246,246,197,197,171,190,285,285,,,
6188,P016,305,305,204,204,178,178,246,246,197,197,171,171,285,285,,,
6189,P016,301,305,204,204,178,178,246,246,197,197,171,171,285,285,,,
6190,P016,305,305,204,204,178,178,246,246,197,197,171,171,285,285,,,
6150,P017,305,305,204,204,178,178,246,246,193,197,171,171,285,285,,,
6151,P017,305,305,204,204,178,178,246,246,193,197,171,171,285,285,,,
6152,P017,305,305,204,204,178,178,246,246,197,197,171,171,282,285,,,
6153,P017,305,305,204,204,178,178,246,246,197,197,171,171,285,285,,,
6155,P017,305,305,204,204,178,178,246,246,197,197,171,183,282,285,,,
6156,P017,305,305,204,204,178,178,246,246,197,197,171,171,285,285,,,
6157,P017,305,305,204,204,178,178,246,246,193,197,171,171,285,285,,,
6159,P017,305,305,204,204,178,178,246,246,197,197,171,171,285,285,,,
6205,P018,301,305,204,204,178,178,246,246,197,197,171,171,285,285,,,
6206,P018,305,305,204,204,178,178,246,246,197,197,171,171,285,285,,,
6207,P018,305,305,204,204,178,178,246,246,197,197,171,171,285,285,,,
6208,P018,305,305,204,204,178,178,246,246,197,197,171,171,285,285,,,
6209,P018,305,305,204,204,178,178,246,246,197,197,171,171,285,285,,,
6210,P018,305,305,204,204,178,178,246,246,197,197,171,171,285,285,,,
6211,P018,305,305,204,204,178,178,246,246,197,197,171,183,285,285,,,
6237,P018,305,305,204,204,178,178,246,246,197,197,171,171,285,285,,,
6238,P018,305,305,204,204,178,178,246,246,197,197,171,171,285,285,,,
6239,P018,305,305,204,204,178,178,246,246,197,197,171,171,282,285,,,
6240,P018,305,305,204,204,178,178,246,246,197,197,171,171,285,285,,,